Name,Sule,Sule Myodaw Hall,Yoke Shin Yone
,,,
Sule,0,0.277987317,0.544959142
,,,
Sule Myodaw Hall,0.277987317,0,0.267080093
,,,
Yoke Shin Yone,0.544959142,0.267080093,0
